dataset,mse_original,mse_data_aug
AuctionVerification,510.42773149700884,467.5008544921875
ParkinsonsTelemonitoring,2.0282809897771865,1.234840989112854
WineQuality,0.6284387966741305,0.5256403684616089
Abalone,2.2723418091290455,1.6096962690353394
