dataset,mse_original,mse_data_aug
Airfoil Self-Noise,0.23476073785748006,0.1520901322364807
AuctionVerification,510.42773149700884,466.7919616699219
RealEstate,5.906507889173116,4.478814601898193
ParkinsonsTelemonitoring,2.0282809897771865,1.2436102628707886
WineQuality,0.6284387966741305,0.5239357352256775
Abalone,2.2723418091290455,1.611431360244751
